{"metadata":{"generatedAt":"2025-09-23T02:22:10.917Z","totalAssemblies":3,"totalParts":4},"assemblies":[{"name":"Main Assembly","description":"Generated from template: Standard Assembly BOM","level":0,"parentId":null,"isExpanded":true,"id":"5ceceb8f-273f-4449-8845-75f4f5a01914","createdAt":"2025-09-23T02:21:33.849Z","metadata":null},{"name":"Housing Assembly","description":"Generated from template: Standard Assembly BOM","level":1,"parentId":null,"isExpanded":true,"id":"15f6d3f5-78b2-4d34-8260-65971b1925a0","createdAt":"2025-09-23T02:21:33.849Z","metadata":null},{"name":"Motor Assembly","description":"Generated from template: Standard Assembly BOM","level":1,"parentId":null,"isExpanded":true,"id":"a6fc826e-e8ac-439b-9f46-c7c69d3f6bc6","createdAt":"2025-09-23T02:21:33.849Z","metadata":null}],"parts":[{"name":"Housing Base","partNumber":"HSG-002","description":"Generated from template: Standard Assembly BOM","assemblyId":"15f6d3f5-78b2-4d34-8260-65971b1925a0","quantity":1,"status":"new","id":"83bc0826-d076-4929-ae95-65d7336b9e71","createdAt":"2025-09-23T02:21:33.849Z","metadata":null},{"name":"Housing Cover","partNumber":"HSG-001","description":"Generated from template: Standard Assembly BOM","assemblyId":"15f6d3f5-78b2-4d34-8260-65971b1925a0","quantity":1,"status":"new","id":"c52a3275-1515-46a3-a0d1-7fd7a4db9960","createdAt":"2025-09-23T02:21:33.849Z","metadata":null},{"name":"Motor","partNumber":"MTR-001","description":"Generated from template: Standard Assembly BOM","assemblyId":"a6fc826e-e8ac-439b-9f46-c7c69d3f6bc6","quantity":1,"status":"new","id":"84fc22b1-6e9a-40cf-a0ae-8f9972767027","createdAt":"2025-09-23T02:21:33.849Z","metadata":null},{"name":"Mounting Bolts","partNumber":"HW-M8x20","description":"Generated from template: Standard Assembly BOM","assemblyId":"5ceceb8f-273f-4449-8845-75f4f5a01914","quantity":8,"status":"new","id":"214dded4-94f1-402c-8bf8-5705d2eb014c","createdAt":"2025-09-23T02:21:33.850Z","metadata":null}]}